rank	kmer	weight	offset_vs_seed	overlap_with_seed	mismatch_in_overlap	aligned
1	CUUUCUU	0.18273842065664872	0	7	0	..CUUUCUU..
2	UCUUUCU	0.13354213524141523	-1	6	0	.UCUUUCU...
3	ACUUUCU	0.11145191529015294	-1	6	0	.ACUUUCU...
4	CUUUUCU	0.10953247860403877	-1	6	1	.CUUUUCU...
5	CCUUUCU	0.10273984362565698	-1	6	0	.CCUUUCU...
6	CUUUCUC	0.07871509581685973	0	7	1	..CUUUCUC..
7	UUCUUCU	0.07684613838404687	2	5	0	....UUCUUCU
8	CUCUUCU	0.06998745767359703	2	5	1	....CUCUUCU
9	CUUUCCU	0.06786325512907668	0	7	1	..CUUUCCU..
10	CCUUCUU	0.06658325957850718	0	7	1	..CCUUCUU..
