rank	kmer	weight	offset_vs_seed	overlap_with_seed	mismatch_in_overlap	aligned
1	UUUUUUU	0.9825620536600564	0	7	0	..UUUUUUU..
2	UUUUUGU	0.0034408607812607696	2	5	0	....UUUUUGU
3	UUUUUUG	0.003110720575858117	1	6	0	...UUUUUUG.
4	UUUUGUU	0.002237236026000024	0	7	1	..UUUUGUU..
5	UGUUUUU	0.002191240400044988	-2	5	0	UGUUUUU....
6	GUUUUUU	0.0018604035408695287	-1	6	0	.GUUUUUU...
7	UUCUUUU	0.0012222130230175794	0	7	1	..UUCUUUU..
8	UCUUUUU	0.0011406568420316207	-2	5	0	UCUUUUU....
9	UUGUUUU	0.0011225737387550224	0	7	1	..UUGUUUU..
10	CUUUUUU	0.001112041412105896	-1	6	0	.CUUUUUU...
