rank	kmer	weight	offset_vs_seed	overlap_with_seed	mismatch_in_overlap	aligned
1	CUUCUCU	0.13032060747128657	0	7	0	..CUUCUCU..
2	UUCUUCU	0.11282552514175052	-2	5	0	UUCUUCU....
3	UCUUUCU	0.10389589096014844	-2	5	1	UCUUUCU....
4	CUUUUCU	0.10243229188471713	0	7	1	..CUUUUCU..
5	CUUUCUU	0.0982894773695433	-1	6	2	.CUUUCUU...
6	UUUCUCU	0.09648983134275983	0	7	1	..UUUCUCU..
7	CUCUCUU	0.09419412651843992	1	6	1	...CUCUCUU.
8	CUCUUCU	0.09086386024406065	-2	5	0	CUCUUCU....
9	UCUCUCU	0.08854358201070206	2	5	0	....UCUCUCU
10	UUCUCUU	0.0821448070565915	1	6	0	...UUCUCUU.
