rank	kmer	weight	offset_vs_seed	overlap_with_seed	mismatch_in_overlap	aligned
1	GUGUGUG	0.20263182772871963	0	7	0	..GUGUGUG..
2	UGUGUGG	0.16093723307208332	1	6	0	...UGUGUGG.
3	UUGUGUG	0.12731365134347228	-2	5	0	UUGUGUG....
4	UGUGUGU	0.12494671097331737	-1	6	0	.UGUGUGU...
5	GAGUGUG	0.10094512905125418	-2	5	0	GAGUGUG....
6	UGUGUGA	0.0926157624535557	1	6	0	...UGUGUGA.
7	AGUGUGA	0.06654520543581971	-1	6	1	.AGUGUGA...
8	GUGUUUG	0.046584921769498286	0	7	1	..GUGUUUG..
9	GAGUGUU	0.03905690901788062	-2	5	1	GAGUGUU....
10	AUGUGUG	0.03842264915439882	-2	5	0	AUGUGUG....
