rank	kmer	weight	offset_vs_seed	overlap_with_seed	mismatch_in_overlap	aligned
1	UUUUUUU	0.6219174815611158	0	7	0	..UUUUUUU..
2	CUUUUUU	0.1314197610418342	-1	6	0	.CUUUUUU...
3	UUUUUUC	0.12074761907080056	1	6	0	...UUUUUUC.
4	UUUUUUG	0.05678102399986367	1	6	0	...UUUUUUG.
5	AUUUUUU	0.029979022452015478	-1	6	0	.AUUUUUU...
6	GUUUUUU	0.013057567590664497	-1	6	0	.GUUUUUU...
7	UUUUUCG	0.00984441048138279	2	5	0	....UUUUUCG
8	UUUUUCU	0.006010689672902244	2	5	0	....UUUUUCU
9	CAUUUUU	0.005422127741144294	-2	5	0	CAUUUUU....
10	UUAUUUU	0.004820296388276665	0	7	1	..UUAUUUU..
