rank	kmer	weight	offset_vs_seed	overlap_with_seed	mismatch_in_overlap	aligned
1	UUUUUUU	0.5868079685031602	0	7	0	..UUUUUUU..
2	CUUUUUU	0.17196814287368112	-1	6	0	.CUUUUUU...
3	UUUUUUC	0.10914366485875462	1	6	0	...UUUUUUC.
4	UUUUUUG	0.04686114607043148	1	6	0	...UUUUUUG.
5	AUUUUUU	0.03892628275342821	-1	6	0	.AUUUUUU...
6	UUUUUCG	0.013367224834321834	2	5	0	....UUUUUCG
7	GUUUUUU	0.012431328065521519	-1	6	0	.GUUUUUU...
8	CAUUUUU	0.008410871751526258	-2	5	0	CAUUUUU....
9	UUAUUUU	0.006156947489345796	0	7	1	..UUAUUUU..
10	UUUUUUA	0.005926422799828944	1	6	0	...UUUUUUA.
