rank	kmer	weight	offset_vs_seed	overlap_with_seed	mismatch_in_overlap	aligned
1	CUUUCUU	0.1739310553353644	0	7	0	..CUUUCUU..
2	ACUUUCU	0.15476300060148615	-1	6	0	.ACUUUCU...
3	CCUUUCU	0.12591469745167247	-1	6	0	.CCUUUCU...
4	CUUUCCU	0.10066213205427069	0	7	1	..CUUUCCU..
5	CUUUUCU	0.08910175232040783	-1	6	1	.CUUUUCU...
6	UCUUUCU	0.08370514614767266	-1	6	0	.UCUUUCU...
7	ACCUUCU	0.0760639146298204	-1	6	1	.ACCUUCU...
8	ACCUUUU	0.06662886764559217	-2	5	1	ACCUUUU....
9	CCUUCUU	0.06531205146736005	0	7	1	..CCUUCUU..
10	CUUUCUC	0.06391738234635308	0	7	1	..CUUUCUC..
