Protein	Motif_ID	Family_Label	Representative_RNA	Seed_RNA	N_Selected_Members	Selected_Total_Weight	N_Family_Members	Family_Total_Weight	Top_Baseline_Z	Weight_Fraction
w1	1	seed_centered_top10	UUUUUUU	UUUUUUU	10	0.9999999999999999	10	0.9999999999999999	12.73039436340332	1.0
w2	1	seed_centered_top10	CUUCUCU	CUUCUCU	10	1.0	10	1.0	5.27683687210083	1.0
w3	1	seed_centered_top10	UGUGUGG	UGUGUGG	10	0.9999999999999999	10	0.9999999999999999	9.35942268371582	1.0
w4	1	seed_centered_top10	UUUUUUU	UUUUUUU	10	1.0000000000000002	10	1.0000000000000002	14.055404663085938	1.0
w6	1	seed_centered_top10	UUUUUUU	UUUUUUU	10	1.0	10	1.0	14.82038116455078	1.0
AtPTBP3	1	seed_centered_top10	CUUUCUU	CUUUCUU	10	1.0	10	1.0	4.906809329986572	1.0
