rank	kmer	weight	offset_vs_seed	overlap_with_seed	mismatch_in_overlap	aligned
1	UUUUUUU	0.9745140740532391	0	7	0	..UUUUUUU..
2	UUUUUGU	0.005293090902282654	2	5	0	....UUUUUGU
3	UUUUUUG	0.004660221614130032	1	6	0	...UUUUUUG.
4	UUUUGUU	0.0033814195314197204	0	7	1	..UUUUGUU..
5	UGUUUUU	0.003241217800476617	-2	5	0	UGUUUUU....
6	GUUUUUU	0.0024588810543923396	-1	6	0	.GUUUUUU...
7	UUUGUUU	0.0017127565397390438	0	7	1	..UUUGUUU..
8	UUGUUUU	0.0016266709689076024	0	7	1	..UUGUUUU..
9	UUCUUUU	0.0015612965738686956	0	7	1	..UUCUUUU..
10	CUUUUUU	0.0015503709615440797	-1	6	0	.CUUUUUU...
