rank	kmer	weight	offset_vs_seed	overlap_with_seed	mismatch_in_overlap	aligned
1	UGUGUGG	0.16327606091984956	0	7	0	..UGUGUGG..
2	GUGUGUG	0.16189408001619882	-1	6	0	.GUGUGUG...
3	UUGUGUG	0.133666027361608	-1	6	0	.UUGUGUG...
4	UGUGUGU	0.11501454918015136	-2	5	0	UGUGUGU....
5	UGUGUGA	0.09991970143463921	0	7	1	..UGUGUGA..
6	GAGUGUG	0.09136745462219907	-1	6	1	.GAGUGUG...
7	AGUGUGA	0.07880333976303791	-2	5	1	AGUGUGA....
8	GUGUUUG	0.06418126299348605	-1	6	1	.GUGUUUG...
9	AUGUGUG	0.04649552372720569	-1	6	0	.AUGUGUG...
10	GUGUGAG	0.04538199998162431	-1	6	1	.GUGUGAG...
