rank	kmer	weight	offset_vs_seed	overlap_with_seed	mismatch_in_overlap	aligned
1	UUUUUUU	0.5445697834697185	0	7	0	..UUUUUUU..
2	UUUUUUG	0.14183317618223826	1	6	0	...UUUUUUG.
3	CUUUUUU	0.11325518426413175	-1	6	0	.CUUUUUU...
4	UUUUUUC	0.09547680952106509	1	6	0	...UUUUUUC.
5	AUUUUUU	0.041492282868620174	-1	6	0	.AUUUUUU...
6	GUUUUUU	0.020511198739914437	-1	6	0	.GUUUUUU...
7	UUUUUCG	0.015813574945969102	2	5	0	....UUUUUCG
8	UUAUUUU	0.011069405193333779	0	7	1	..UUAUUUU..
9	UUUUUGC	0.008896374805608254	2	5	0	....UUUUUGC
10	CAUUUUU	0.007082210009400846	-2	5	0	CAUUUUU....
