rank	kmer	weight	offset_vs_seed	overlap_with_seed	mismatch_in_overlap	aligned
1	UUUUUUU	0.6029199710718944	0	7	0	..UUUUUUU..
2	CUUUUUU	0.14662766645684652	-1	6	0	.CUUUUUU...
3	UUUUUUC	0.10329746850904567	1	6	0	...UUUUUUC.
4	UUUUUUG	0.06867550452284313	1	6	0	...UUUUUUG.
5	AUUUUUU	0.03728833440105863	-1	6	0	.AUUUUUU...
6	GUUUUUU	0.01207583919789847	-1	6	0	.GUUUUUU...
7	UUUUUCG	0.011061088100499897	2	5	0	....UUUUUCG
8	CAUUUUU	0.00710937197623175	-2	5	0	CAUUUUU....
9	UUAUUUU	0.005934485679081527	0	7	1	..UUAUUUU..
10	UUUUUUA	0.005010270084599995	1	6	0	...UUUUUUA.
